Best Score,Worst Score,Best Improvement,Average Improvement,Iterations,Time (s),Convergence Rate,Relative Error,Convergence Speed (Stable Iterations)
5.304345779127129e+17,1.1004593256246057e+19,1.0474158678333344e+19,1.0474158678333344e+17,100,4241.5025243759155,-1.4706078333333424e+16,1.0,97
