Iteration,Best Score
1,6.409652038939095e+18
2,6.409652038939095e+18
