Iteration,Best Score
1,2.1314631240050383e+18
2,2.1314631240050383e+18
