Best Score,Worst Score,Best Improvement,Average Improvement,Iterations,Time (s),Convergence Rate,Relative Error,Convergence Speed (Stable Iterations)
2723577400948208.0,5.574318763187994e+16,-5.979083078677807e+19,-6.794412589406598e+17,88,106.92721366882324,-6.370145974986596e+17,1.0,0
