Iteration,Best Score
1,2.366208206405197e+19
2,2.2333917680767844e+19
3,2.2043948930807206e+19
4,2.054140418084933e+19
5,1.976470704755259e+19
