Generation,Best Score
1,1.0635381807076293e+19
2,3.0187478145762924e+18
