Iteration,Best Score
1,1.144189305555597e+21
2,1.144189305555597e+21
3,1.144189305555597e+21
4,1.144189305555597e+21
5,1.144189305555597e+21
