Generation,Best Score
1,8.468671059382717e+16
2,8.468671059382717e+16
3,8.468671059382717e+16
