Iteration,Best Score
1,1.6929622252076294e+19
2,1.6929622252076294e+19
3,1.6929622252076294e+19
4,1.6929622252076294e+19
5,1.6929622252076294e+19
6,1.6929622252076294e+19
7,1.6929622252076294e+19
8,1.6929622252076294e+19
9,1.6929622252076294e+19
10,1.6929622252076294e+19
11,1.6929622252076294e+19
12,1.6929622252076294e+19
13,1.6558131657909629e+19
14,1.6558131657909629e+19
15,1.6558131657909629e+19
16,1.6558131657909629e+19
