Iteration,Best Score
1,1.4967104872604948e+18
2,1.4967104872604948e+18
3,1.4967104872604948e+18
