Generation,Best Score
1,7.214094277909627e+18
2,1.5135819445762924e+18
3,1.5135819445762924e+18
