Generation,Best Score
1,7.722883230938271e+17
2,5.2032239976049306e+17
3,5.2032239976049306e+17
