Iteration,Best Score
1,2.8976581419760513e+19
2,2.821077141976051e+19
3,2.821077141976051e+19
4,2.821077141976051e+19
5,2.8156681419760513e+19
6,2.667038204476051e+19
7,2.667038204476051e+19
8,2.6053787044760515e+19
9,2.6053787044760515e+19
