Generation,Best Score
1,5.215938932909625e+18
2,3.7465120454096266e+18
3,3.1624350620762926e+18
