Generation,Best Score
1,2.8179452912460513e+18
2,2.8179452912460513e+18
3,2.8179452912460513e+18
