Iteration,Best Score
1,2.0812949908925137e+19
2,2.0812949908925137e+19
3,2.0812949908925137e+19
4,2.0812949908925137e+19
5,2.0812949908925137e+19
6,2.0812949908925137e+19
7,2.0812949908925137e+19
8,2.0812949908925137e+19
9,2.0812949908925137e+19
10,2.0812949908925137e+19
11,1.9471994908925133e+19
