S Index,IGD Index,Δ' Index,DPO Index
9.668137684308416e+17,0.0,1.0,3.475185292916668e+17
