Iteration,Best Score
1,1.185185225177155e+18
2,1.185185225177155e+18
3,1.185185225177155e+18
