Iteration,Best Score
1,2.7657893753983116e+21
2,2.7657893753983116e+21
