Iteration,Best Score
1,4.5340461681824676e+18
2,4.5340461681824676e+18
